TestName,ProgramName,Retries,Passes,Fails,Errors,Timeouts
DeleteFromListFailed.js,K7_S06,10,0,0,0,10
DeleteFromListFailed.js,K6_S03,10,0,0,0,10
DeleteFromListFailed.js,K7_S12,10,0,0,0,10
DeleteFromListFailed.js,K7_S11,10,0,0,0,10
DeleteFromListFailed.js,K7_S10,10,0,0,0,10
DeleteFromListFailed.js,K6_S05,10,0,0,0,10
DeleteFromListFailed.js,K7_S08,10,0,0,0,10
DeleteFromListFailed.js,K7_S07,10,0,0,0,10
DeleteFromListFailed.js,K6_S06,10,0,0,0,10
DeleteFromListFailed.js,K7_S05,10,0,0,0,10
DeleteFromListFailed.js,K7_S04,10,0,0,0,10
DeleteFromListFailed.js,K7_S03,10,0,0,0,10
DeleteFromListFailed.js,K6_S10,10,0,0,0,10
DeleteFromListFailed.js,K7_S02,10,0,0,0,10
DeleteFromListFailed.js,K6_S33,10,0,0,0,10
DeleteFromListFailed.js,K6_S11,10,0,0,0,10
DeleteFromListFailed.js,K6_S31,10,0,0,10,0
DeleteFromListFailed.js,K6_S30,10,0,0,0,10
DeleteFromListFailed.js,K6_S29,10,0,0,10,0
DeleteFromListFailed.js,K6_S12,10,0,0,10,0
DeleteFromListFailed.js,K6_S27,10,0,0,0,10
DeleteFromListFailed.js,K6_S20,10,0,0,0,10
DeleteFromListFailed.js,K6_S19,10,0,0,10,0
DeleteFromListFailed.js,K6_S13,10,0,0,0,10
DeleteFromListFailed.js,K6_S18,10,0,0,0,10
DeleteFromListFailed.js,K6_S17,10,0,0,0,10
DeleteFromListFailed.js,K6_S16,10,0,0,0,10
DeleteFromListFailed.js,K6_S15,10,0,0,0,10
DeleteFromListFailed.js,K7_S14,10,0,0,0,10
DeleteFromListFailed.js,K7_S15,10,0,0,0,10
DeleteFromListFailed.js,K6_S14,10,0,0,0,10
DeleteFromListFailed.js,K6_S01,10,0,0,0,10
DeleteFromListFailed.js,K6_S02,10,0,0,0,10
DeleteFromListFailed.js,K7_S24,10,0,0,0,10
DeleteFromListFailed.js,K7_S17,10,0,0,0,10
DeleteFromListFailed.js,K7_S16,10,0,0,10,0
DeleteFromListFailed.js,K7_S19,10,0,0,0,10
DeleteFromListFailed.js,K7_S20,10,0,0,0,10
DeleteFromListFailed.js,K7_S26,10,0,0,10,0
DeleteFromListFailed.js,K7_S27,10,0,0,0,10
DeleteFromListFailed.js,K7_S18,10,0,0,0,10
FullList.js,K7_S19,10,0,0,0,10
FullList.js,K7_S20,10,0,0,0,10
FullList.js,K6_S11,10,0,0,0,10
FullList.js,K6_S31,10,0,0,10,0
FullList.js,K6_S30,10,0,0,0,10
FullList.js,K6_S29,10,0,0,10,0
FullList.js,K7_S02,10,0,0,0,10
FullList.js,K7_S15,10,0,0,0,10
FullList.js,K6_S12,10,0,0,10,0
FullList.js,K6_S33,10,0,0,0,10
FullList.js,K7_S03,10,0,0,0,10
FullList.js,K7_S24,10,0,0,0,10
FullList.js,K6_S20,10,0,0,0,10
FullList.js,K6_S19,10,0,0,10,0
FullList.js,K7_S26,10,0,0,10,0
FullList.js,K6_S18,10,0,0,0,10
FullList.js,K6_S13,10,0,0,0,10
FullList.js,K6_S01,10,0,0,0,10
FullList.js,K6_S17,10,0,0,0,10
FullList.js,K6_S16,10,0,0,0,10
FullList.js,K6_S14,10,0,0,0,10
FullList.js,K6_S15,10,0,0,0,10
FullList.js,K6_S27,10,0,0,0,10
FullList.js,K6_S02,10,0,0,0,10
FullList.js,K7_S27,10,0,0,0,10
FullList.js,K7_S17,10,0,0,0,10
FullList.js,K6_S06,10,0,0,0,10
FullList.js,K7_S08,10,0,0,0,10
FullList.js,K6_S03,10,0,0,0,10
FullList.js,K7_S07,10,0,0,0,10
FullList.js,K6_S05,10,0,0,0,10
FullList.js,K7_S11,10,0,0,0,10
FullList.js,K7_S12,10,0,0,0,10
FullList.js,K7_S06,10,0,0,0,10
FullList.js,K7_S10,10,0,0,0,10
FullList.js,K7_S18,10,0,0,0,10
FullList.js,K7_S05,10,0,0,0,10
FullList.js,K7_S16,10,0,0,10,0
FullList.js,K7_S14,10,0,0,0,10
FullList.js,K6_S10,10,0,0,0,10
FullList.js,K7_S04,10,0,0,0,10
InvisibleMove.js,K6_S01,10,0,10,0,0
InvisibleMove.js,K7_S03,10,0,0,0,10
InvisibleMove.js,K7_S04,10,0,0,0,10
InvisibleMove.js,K7_S05,10,0,0,0,10
InvisibleMove.js,K7_S06,10,0,0,0,10
InvisibleMove.js,K7_S07,10,0,0,0,10
InvisibleMove.js,K7_S08,10,0,0,0,10
InvisibleMove.js,K7_S10,10,0,0,0,10
InvisibleMove.js,K7_S11,10,0,0,0,10
InvisibleMove.js,K7_S12,10,0,0,0,10
InvisibleMove.js,K7_S14,10,0,0,0,10
InvisibleMove.js,K7_S15,10,0,0,0,10
InvisibleMove.js,K7_S16,10,0,0,10,0
InvisibleMove.js,K7_S17,10,0,10,0,0
InvisibleMove.js,K7_S18,10,0,0,0,10
InvisibleMove.js,K7_S19,10,0,0,0,10
InvisibleMove.js,K7_S20,10,0,0,0,10
InvisibleMove.js,K7_S24,10,0,0,0,10
InvisibleMove.js,K7_S02,10,0,0,0,10
InvisibleMove.js,K7_S26,10,0,0,10,0
InvisibleMove.js,K6_S33,10,0,0,0,10
InvisibleMove.js,K6_S30,10,0,0,0,10
InvisibleMove.js,K6_S02,10,0,0,0,10
InvisibleMove.js,K6_S03,10,0,0,0,10
InvisibleMove.js,K6_S05,10,0,0,0,10
InvisibleMove.js,K6_S06,10,0,0,0,10
InvisibleMove.js,K6_S10,10,0,0,0,10
InvisibleMove.js,K6_S11,10,0,0,0,10
InvisibleMove.js,K6_S12,10,0,0,10,0
InvisibleMove.js,K6_S13,10,0,0,0,10
InvisibleMove.js,K6_S14,10,0,0,0,10
InvisibleMove.js,K6_S15,10,0,0,0,10
InvisibleMove.js,K6_S16,10,0,0,0,10
InvisibleMove.js,K6_S17,10,0,0,0,10
InvisibleMove.js,K6_S18,10,0,0,0,10
InvisibleMove.js,K6_S19,10,0,0,10,0
InvisibleMove.js,K6_S20,10,0,0,0,10
InvisibleMove.js,K6_S27,10,0,0,0,10
InvisibleMove.js,K6_S29,10,0,0,10,0
InvisibleMove.js,K6_S31,10,0,0,10,0
InvisibleMove.js,K7_S27,10,0,0,0,10
ItemNotInList.js,K6_S29,10,0,0,10,0
ItemNotInList.js,K6_S11,10,0,0,0,10
ItemNotInList.js,K6_S30,10,0,0,0,10
ItemNotInList.js,K6_S12,10,0,0,10,0
ItemNotInList.js,K6_S06,10,0,0,0,10
ItemNotInList.js,K6_S20,10,0,0,0,10
ItemNotInList.js,K6_S31,10,0,0,10,0
ItemNotInList.js,K7_S27,10,0,0,0,10
ItemNotInList.js,K7_S02,10,0,0,0,10
ItemNotInList.js,K7_S03,10,0,0,0,10
ItemNotInList.js,K7_S04,10,0,0,0,10
ItemNotInList.js,K6_S19,10,0,0,10,0
ItemNotInList.js,K6_S10,10,0,0,0,10
ItemNotInList.js,K6_S27,10,0,0,0,10
ItemNotInList.js,K7_S05,10,0,0,0,10
ItemNotInList.js,K7_S07,10,0,0,0,10
ItemNotInList.js,K6_S13,10,0,0,0,10
ItemNotInList.js,K6_S01,10,0,0,0,10
ItemNotInList.js,K7_S26,10,0,0,10,0
ItemNotInList.js,K7_S24,10,0,0,0,10
ItemNotInList.js,K7_S20,10,0,0,0,10
ItemNotInList.js,K6_S02,10,0,0,0,10
ItemNotInList.js,K7_S19,10,0,0,0,10
ItemNotInList.js,K7_S18,10,0,0,0,10
ItemNotInList.js,K7_S17,10,0,0,0,10
ItemNotInList.js,K6_S03,10,0,0,0,10
ItemNotInList.js,K7_S16,10,0,0,10,0
ItemNotInList.js,K7_S15,10,0,0,0,10
ItemNotInList.js,K7_S14,10,0,0,0,10
ItemNotInList.js,K7_S12,10,0,0,0,10
ItemNotInList.js,K7_S11,10,0,0,0,10
ItemNotInList.js,K7_S10,10,0,0,0,10
ItemNotInList.js,K6_S05,10,0,0,0,10
ItemNotInList.js,K7_S08,10,0,0,0,10
ItemNotInList.js,K7_S06,10,0,0,0,10
ItemNotInList.js,K6_S18,10,0,0,0,10
ItemNotInList.js,K6_S33,10,0,0,0,10
ItemNotInList.js,K6_S15,10,0,0,0,10
ItemNotInList.js,K6_S16,10,0,0,0,10
ItemNotInList.js,K6_S17,10,0,0,0,10
ItemNotInList.js,K6_S14,10,0,0,0,10
MaxSprite.js,K6_S18,10,0,0,0,10
MaxSprite.js,K7_S11,10,0,0,0,10
MaxSprite.js,K6_S30,10,0,0,0,10
MaxSprite.js,K7_S12,10,0,0,0,10
MaxSprite.js,K6_S03,10,0,0,0,10
MaxSprite.js,K7_S14,10,0,0,0,10
MaxSprite.js,K7_S15,10,0,0,0,10
MaxSprite.js,K6_S13,10,0,0,0,10
MaxSprite.js,K7_S16,10,0,0,10,0
MaxSprite.js,K6_S29,10,0,0,10,0
MaxSprite.js,K7_S17,10,0,0,0,10
MaxSprite.js,K6_S15,10,0,0,0,10
MaxSprite.js,K6_S05,10,0,0,0,10
MaxSprite.js,K7_S10,10,0,0,0,10
MaxSprite.js,K6_S11,10,0,0,0,10
MaxSprite.js,K6_S31,10,0,0,10,0
MaxSprite.js,K7_S08,10,0,0,0,10
MaxSprite.js,K7_S07,10,0,0,0,10
MaxSprite.js,K6_S33,10,0,0,0,10
MaxSprite.js,K7_S06,10,0,0,0,10
MaxSprite.js,K6_S06,10,0,0,0,10
MaxSprite.js,K7_S02,10,0,0,0,10
MaxSprite.js,K6_S17,10,0,0,0,10
MaxSprite.js,K6_S10,10,0,0,0,10
MaxSprite.js,K7_S05,10,0,0,0,10
MaxSprite.js,K7_S04,10,0,0,0,10
MaxSprite.js,K6_S16,10,0,0,0,10
MaxSprite.js,K6_S02,10,0,0,0,10
MaxSprite.js,K6_S27,10,0,0,0,10
MaxSprite.js,K7_S03,10,0,0,0,10
MaxSprite.js,K7_S24,10,0,0,0,10
MaxSprite.js,K6_S12,10,0,0,10,0
MaxSprite.js,K7_S18,10,0,0,0,10
MaxSprite.js,K6_S14,10,0,0,0,10
MaxSprite.js,K7_S27,10,0,0,0,10
MaxSprite.js,K7_S26,10,0,0,10,0
MaxSprite.js,K7_S20,10,0,0,0,10
MaxSprite.js,K6_S19,10,0,0,10,0
MaxSprite.js,K6_S01,10,0,0,0,10
MaxSprite.js,K7_S19,10,0,0,0,10
MaxSprite.js,K6_S20,10,0,0,0,10
NextBackdrop.js,K7_S08,10,0,0,0,10
NextBackdrop.js,K6_S06,10,0,0,0,10
NextBackdrop.js,K7_S10,10,0,0,0,10
NextBackdrop.js,K6_S13,10,0,0,0,10
NextBackdrop.js,K6_S31,10,0,0,10,0
NextBackdrop.js,K6_S14,10,0,0,0,10
NextBackdrop.js,K7_S24,10,0,0,0,10
NextBackdrop.js,K6_S11,10,0,0,0,10
NextBackdrop.js,K7_S26,10,0,0,10,0
NextBackdrop.js,K7_S07,10,0,0,0,10
NextBackdrop.js,K6_S05,10,0,0,0,10
NextBackdrop.js,K7_S06,10,0,0,0,10
NextBackdrop.js,K6_S01,10,0,0,0,10
NextBackdrop.js,K7_S05,10,0,0,0,10
NextBackdrop.js,K7_S27,10,0,0,0,10
NextBackdrop.js,K7_S02,10,0,0,0,10
NextBackdrop.js,K6_S18,10,0,0,0,10
NextBackdrop.js,K7_S04,10,0,0,0,10
NextBackdrop.js,K6_S16,10,0,0,0,10
NextBackdrop.js,K7_S03,10,0,0,0,10
NextBackdrop.js,K6_S10,10,0,0,0,10
NextBackdrop.js,K6_S33,10,0,0,0,10
NextBackdrop.js,K6_S19,10,0,0,10,0
NextBackdrop.js,K6_S30,10,0,0,0,10
NextBackdrop.js,K6_S29,10,0,0,10,0
NextBackdrop.js,K6_S17,10,0,0,0,10
NextBackdrop.js,K6_S02,10,0,0,0,10
NextBackdrop.js,K6_S15,10,0,0,0,10
NextBackdrop.js,K7_S19,10,0,0,0,10
NextBackdrop.js,K7_S14,10,0,0,0,10
NextBackdrop.js,K6_S27,10,0,0,0,10
NextBackdrop.js,K7_S16,10,0,0,10,0
NextBackdrop.js,K6_S20,10,0,0,0,10
NextBackdrop.js,K6_S12,10,0,0,10,0
NextBackdrop.js,K7_S18,10,0,0,0,10
NextBackdrop.js,K7_S12,10,0,0,0,10
NextBackdrop.js,K7_S11,10,0,0,0,10
NextBackdrop.js,K7_S15,10,0,0,0,10
NextBackdrop.js,K7_S20,10,0,0,0,10
NextBackdrop.js,K7_S17,10,0,0,0,10
NextBackdrop.js,K6_S03,10,0,0,0,10
NextCostume.js,K7_S16,10,0,0,10,0
NextCostume.js,K7_S27,10,0,0,0,10
NextCostume.js,K6_S16,10,0,0,0,10
NextCostume.js,K7_S17,10,0,0,0,10
NextCostume.js,K7_S04,10,0,0,0,10
NextCostume.js,K6_S02,10,0,0,0,10
NextCostume.js,K7_S05,10,0,0,0,10
NextCostume.js,K7_S06,10,0,0,0,10
NextCostume.js,K7_S11,10,0,0,0,10
NextCostume.js,K7_S24,10,0,0,0,10
NextCostume.js,K7_S20,10,0,0,0,10
NextCostume.js,K6_S05,10,0,0,0,10
NextCostume.js,K7_S12,10,0,0,0,10
NextCostume.js,K6_S15,10,0,0,0,10
NextCostume.js,K6_S01,10,0,0,0,10
NextCostume.js,K7_S10,10,0,0,0,10
NextCostume.js,K7_S14,10,0,0,0,10
NextCostume.js,K7_S08,10,0,0,0,10
NextCostume.js,K7_S03,10,0,0,0,10
NextCostume.js,K6_S18,10,0,0,0,10
NextCostume.js,K7_S19,10,0,0,0,10
NextCostume.js,K7_S07,10,0,0,0,10
NextCostume.js,K6_S06,10,0,0,0,10
NextCostume.js,K7_S15,10,0,0,0,10
NextCostume.js,K6_S03,10,0,0,0,10
NextCostume.js,K7_S26,10,0,0,10,0
NextCostume.js,K7_S18,10,0,0,0,10
NextCostume.js,K6_S14,10,0,0,0,10
NextCostume.js,K6_S11,10,0,0,0,10
NextCostume.js,K6_S31,10,0,0,10,0
NextCostume.js,K6_S33,10,0,0,0,10
NextCostume.js,K6_S29,10,0,0,10,0
NextCostume.js,K6_S12,10,0,0,10,0
NextCostume.js,K6_S20,10,0,0,0,10
NextCostume.js,K6_S19,10,0,0,10,0
NextCostume.js,K6_S10,10,0,0,0,10
NextCostume.js,K6_S17,10,0,0,0,10
NextCostume.js,K7_S02,10,0,0,0,10
NextCostume.js,K6_S30,10,0,0,0,10
NextCostume.js,K6_S13,10,0,0,0,10
NextCostume.js,K6_S27,10,0,0,0,10
SayThinkDelayTest.js,K6_S11,10,0,0,0,10
SayThinkDelayTest.js,K6_S13,10,0,10,0,0
SayThinkDelayTest.js,K7_S12,10,0,0,0,10
SayThinkDelayTest.js,K6_S31,10,0,0,10,0
SayThinkDelayTest.js,K7_S11,10,0,0,0,10
SayThinkDelayTest.js,K6_S16,10,0,0,0,10
SayThinkDelayTest.js,K6_S05,10,0,0,0,10
SayThinkDelayTest.js,K7_S10,10,0,0,0,10
SayThinkDelayTest.js,K7_S08,10,0,0,0,10
SayThinkDelayTest.js,K6_S30,10,0,0,0,10
SayThinkDelayTest.js,K7_S26,10,0,0,10,0
SayThinkDelayTest.js,K7_S15,10,0,0,0,10
SayThinkDelayTest.js,K6_S29,10,0,0,10,0
SayThinkDelayTest.js,K6_S17,10,0,0,0,10
SayThinkDelayTest.js,K7_S20,10,0,0,0,10
SayThinkDelayTest.js,K6_S02,10,0,0,0,10
SayThinkDelayTest.js,K7_S19,10,0,0,0,10
SayThinkDelayTest.js,K6_S20,10,0,0,0,10
SayThinkDelayTest.js,K6_S15,10,0,0,0,10
SayThinkDelayTest.js,K7_S14,10,0,0,0,10
SayThinkDelayTest.js,K7_S18,10,0,0,0,10
SayThinkDelayTest.js,K7_S24,10,0,0,0,10
SayThinkDelayTest.js,K7_S17,10,0,0,0,10
SayThinkDelayTest.js,K6_S03,10,0,0,0,10
SayThinkDelayTest.js,K6_S14,10,0,0,0,10
SayThinkDelayTest.js,K7_S16,10,0,0,10,0
SayThinkDelayTest.js,K6_S12,10,0,0,10,0
SayThinkDelayTest.js,K6_S27,10,0,0,0,10
SayThinkDelayTest.js,K6_S06,10,0,0,0,10
SayThinkDelayTest.js,K6_S19,10,0,0,10,0
SayThinkDelayTest.js,K7_S02,10,0,0,0,10
SayThinkDelayTest.js,K7_S05,10,0,0,0,10
SayThinkDelayTest.js,K6_S18,10,0,0,0,10
SayThinkDelayTest.js,K6_S01,10,0,0,0,10
SayThinkDelayTest.js,K7_S06,10,0,0,0,10
SayThinkDelayTest.js,K7_S04,10,0,0,0,10
SayThinkDelayTest.js,K6_S10,10,0,0,0,10
SayThinkDelayTest.js,K6_S33,10,0,0,0,10
SayThinkDelayTest.js,K7_S27,10,0,0,0,10
SayThinkDelayTest.js,K7_S07,10,0,0,0,10
SayThinkDelayTest.js,K7_S03,10,0,0,0,10
ScreenEdgeMove.js,K6_S03,10,0,10,0,0
ScreenEdgeMove.js,K6_S30,10,0,0,0,10
ScreenEdgeMove.js,K7_S16,10,0,0,10,0
ScreenEdgeMove.js,K6_S15,10,0,0,0,10
ScreenEdgeMove.js,K6_S29,10,0,0,10,0
ScreenEdgeMove.js,K7_S15,10,0,0,0,10
ScreenEdgeMove.js,K7_S06,10,0,8,0,2
ScreenEdgeMove.js,K6_S11,10,0,10,0,0
ScreenEdgeMove.js,K7_S02,10,0,0,0,10
ScreenEdgeMove.js,K6_S19,10,0,0,10,0
ScreenEdgeMove.js,K7_S14,10,0,0,0,10
ScreenEdgeMove.js,K7_S05,10,0,0,0,10
ScreenEdgeMove.js,K6_S17,10,0,0,0,10
ScreenEdgeMove.js,K6_S14,10,0,0,0,10
ScreenEdgeMove.js,K6_S02,10,0,1,0,9
ScreenEdgeMove.js,K7_S24,10,0,0,0,10
ScreenEdgeMove.js,K6_S20,10,0,0,0,10
ScreenEdgeMove.js,K6_S12,10,0,0,10,0
ScreenEdgeMove.js,K7_S20,10,0,0,0,10
ScreenEdgeMove.js,K7_S19,10,0,10,0,0
ScreenEdgeMove.js,K7_S04,10,0,1,0,9
ScreenEdgeMove.js,K6_S01,10,0,5,0,5
ScreenEdgeMove.js,K7_S18,10,0,0,0,10
ScreenEdgeMove.js,K7_S03,10,0,10,0,0
ScreenEdgeMove.js,K6_S10,10,0,1,0,9
ScreenEdgeMove.js,K7_S17,10,0,0,0,10
ScreenEdgeMove.js,K7_S27,10,0,0,0,10
ScreenEdgeMove.js,K7_S26,10,0,0,10,0
ScreenEdgeMove.js,K6_S27,10,0,0,0,10
ScreenEdgeMove.js,K6_S13,10,0,10,0,0
ScreenEdgeMove.js,K7_S12,10,0,0,0,10
ScreenEdgeMove.js,K6_S16,10,0,0,0,10
ScreenEdgeMove.js,K6_S31,10,0,0,10,0
ScreenEdgeMove.js,K7_S11,10,0,0,0,10
ScreenEdgeMove.js,K7_S10,10,0,1,0,9
ScreenEdgeMove.js,K6_S05,10,0,0,0,10
ScreenEdgeMove.js,K7_S08,10,0,0,0,10
ScreenEdgeMove.js,K6_S18,10,0,0,0,10
ScreenEdgeMove.js,K6_S06,10,0,2,0,8
ScreenEdgeMove.js,K6_S33,10,0,0,0,10
ScreenEdgeMove.js,K7_S07,10,0,0,0,10
StringInMathOperation.js,K7_S04,10,0,0,0,10
StringInMathOperation.js,K6_S16,10,0,0,0,10
StringInMathOperation.js,K7_S16,10,0,0,10,0
StringInMathOperation.js,K7_S06,10,0,0,0,10
StringInMathOperation.js,K7_S02,10,0,0,0,10
StringInMathOperation.js,K7_S24,10,0,0,0,10
StringInMathOperation.js,K6_S19,10,0,0,10,0
StringInMathOperation.js,K6_S14,10,0,0,0,10
StringInMathOperation.js,K6_S10,10,0,0,0,10
StringInMathOperation.js,K7_S07,10,0,0,0,10
StringInMathOperation.js,K7_S17,10,0,0,0,10
StringInMathOperation.js,K6_S11,10,0,0,0,10
StringInMathOperation.js,K7_S20,10,0,0,0,10
StringInMathOperation.js,K7_S27,10,0,0,0,10
StringInMathOperation.js,K6_S02,10,0,0,0,10
StringInMathOperation.js,K6_S01,10,0,0,0,10
StringInMathOperation.js,K6_S27,10,0,0,0,10
StringInMathOperation.js,K7_S19,10,0,0,0,10
StringInMathOperation.js,K6_S20,10,0,0,0,10
StringInMathOperation.js,K6_S33,10,0,0,0,10
StringInMathOperation.js,K6_S13,10,0,0,0,10
StringInMathOperation.js,K6_S12,10,0,0,10,0
StringInMathOperation.js,K7_S08,10,0,0,0,10
StringInMathOperation.js,K7_S03,10,0,0,0,10
StringInMathOperation.js,K7_S18,10,0,0,0,10
StringInMathOperation.js,K6_S29,10,0,0,10,0
StringInMathOperation.js,K6_S05,10,0,0,0,10
StringInMathOperation.js,K6_S18,10,0,0,0,10
StringInMathOperation.js,K6_S06,10,0,0,0,10
StringInMathOperation.js,K7_S05,10,0,0,0,10
StringInMathOperation.js,K7_S11,10,0,0,0,10
StringInMathOperation.js,K6_S17,10,0,0,0,10
StringInMathOperation.js,K7_S12,10,0,0,0,10
StringInMathOperation.js,K7_S15,10,0,0,0,10
StringInMathOperation.js,K7_S26,10,0,0,10,0
StringInMathOperation.js,K7_S14,10,0,0,0,10
StringInMathOperation.js,K6_S31,10,0,0,10,0
StringInMathOperation.js,K6_S30,10,0,0,0,10
StringInMathOperation.js,K6_S03,10,0,0,0,10
StringInMathOperation.js,K7_S10,10,0,0,0,10
StringInMathOperation.js,K6_S15,10,0,0,0,10
StringInNumericField.js,K7_S04,10,0,0,0,10
StringInNumericField.js,K6_S30,10,0,0,0,10
StringInNumericField.js,K7_S11,10,0,0,0,10
StringInNumericField.js,K6_S03,10,0,0,0,10
StringInNumericField.js,K7_S18,10,0,0,0,10
StringInNumericField.js,K7_S14,10,0,0,0,10
StringInNumericField.js,K6_S13,10,0,0,0,10
StringInNumericField.js,K6_S29,10,0,0,10,0
StringInNumericField.js,K7_S19,10,0,0,0,10
StringInNumericField.js,K6_S10,10,0,0,0,10
StringInNumericField.js,K6_S05,10,0,0,0,10
StringInNumericField.js,K7_S20,10,0,0,0,10
StringInNumericField.js,K6_S01,10,0,0,0,10
StringInNumericField.js,K7_S07,10,0,0,0,10
StringInNumericField.js,K6_S14,10,0,0,0,10
StringInNumericField.js,K6_S17,10,0,0,0,10
StringInNumericField.js,K7_S12,10,0,0,0,10
StringInNumericField.js,K7_S26,10,0,0,10,0
StringInNumericField.js,K6_S20,10,0,0,0,10
StringInNumericField.js,K6_S02,10,0,0,0,10
StringInNumericField.js,K6_S12,10,0,0,10,0
StringInNumericField.js,K6_S16,10,0,0,0,10
StringInNumericField.js,K6_S18,10,0,0,0,10
StringInNumericField.js,K7_S10,10,0,0,0,10
StringInNumericField.js,K7_S06,10,0,0,0,10
StringInNumericField.js,K7_S15,10,0,0,0,10
StringInNumericField.js,K7_S05,10,0,0,0,10
StringInNumericField.js,K7_S16,10,0,0,10,0
StringInNumericField.js,K6_S27,10,0,0,0,10
StringInNumericField.js,K6_S06,10,0,0,0,10
StringInNumericField.js,K6_S31,10,0,0,10,0
StringInNumericField.js,K6_S33,10,0,0,0,10
StringInNumericField.js,K6_S19,10,0,0,10,0
StringInNumericField.js,K7_S03,10,0,0,0,10
StringInNumericField.js,K7_S17,10,0,0,0,10
StringInNumericField.js,K7_S02,10,0,0,0,10
StringInNumericField.js,K7_S27,10,0,0,0,10
StringInNumericField.js,K7_S08,10,0,0,0,10
StringInNumericField.js,K6_S15,10,0,0,0,10
StringInNumericField.js,K6_S11,10,0,0,0,10
StringInNumericField.js,K7_S24,10,0,0,0,10
VariableBeforeInit.js,K6_S13,10,0,0,0,10
VariableBeforeInit.js,K6_S18,10,0,0,0,10
VariableBeforeInit.js,K6_S01,10,0,0,0,10
VariableBeforeInit.js,K7_S26,10,0,10,0,0
VariableBeforeInit.js,K7_S24,10,0,0,0,10
VariableBeforeInit.js,K7_S27,10,0,0,0,10
VariableBeforeInit.js,K7_S14,10,0,0,0,10
VariableBeforeInit.js,K7_S20,10,0,0,0,10
VariableBeforeInit.js,K6_S10,10,0,0,0,10
VariableBeforeInit.js,K7_S04,10,0,0,0,10
VariableBeforeInit.js,K7_S02,10,0,0,0,10
VariableBeforeInit.js,K6_S16,10,0,0,0,10
VariableBeforeInit.js,K7_S05,10,0,10,0,0
VariableBeforeInit.js,K7_S06,10,0,0,0,10
VariableBeforeInit.js,K6_S33,10,0,0,0,10
VariableBeforeInit.js,K7_S07,10,0,0,0,10
VariableBeforeInit.js,K7_S08,10,0,0,0,10
VariableBeforeInit.js,K6_S06,10,0,0,0,10
VariableBeforeInit.js,K7_S10,10,0,0,0,10
VariableBeforeInit.js,K6_S11,10,0,0,0,10
VariableBeforeInit.js,K7_S11,10,0,0,0,10
VariableBeforeInit.js,K6_S31,10,0,0,10,0
VariableBeforeInit.js,K7_S12,10,0,10,0,0
VariableBeforeInit.js,K6_S15,10,0,0,0,10
VariableBeforeInit.js,K6_S05,10,0,0,0,10
VariableBeforeInit.js,K6_S20,10,0,10,0,0
VariableBeforeInit.js,K7_S19,10,0,0,0,10
VariableBeforeInit.js,K7_S18,10,0,0,0,10
VariableBeforeInit.js,K6_S27,10,0,0,0,10
VariableBeforeInit.js,K6_S02,10,0,0,0,10
VariableBeforeInit.js,K7_S17,10,0,0,0,10
VariableBeforeInit.js,K6_S19,10,0,10,0,0
VariableBeforeInit.js,K6_S14,10,0,0,0,10
VariableBeforeInit.js,K6_S17,10,0,0,0,10
VariableBeforeInit.js,K6_S12,10,0,0,10,0
VariableBeforeInit.js,K7_S16,10,0,0,10,0
VariableBeforeInit.js,K6_S29,10,0,0,10,0
VariableBeforeInit.js,K7_S15,10,0,0,0,10
VariableBeforeInit.js,K6_S30,10,0,0,0,10
VariableBeforeInit.js,K6_S03,10,0,0,0,10
VariableBeforeInit.js,K7_S03,10,0,0,0,10
