TestName,ProgramName,Retries,Passes,Fails,Errors,Timeouts,URL
DeleteFromListFailed.js,"Dance, Henry, Dance! .sb3",10,0,0,0,10,https://scratch.mit.edu/projects/457450492/
DeleteFromListFailed.js,Flappy Bird v4.3.sb3,10,0,0,10,0,https://scratch.mit.edu/projects/456777187/
DeleteFromListFailed.js,"Kiki, do you love me ft.@Jumper-.sb3",10,0,0,0,10,https://scratch.mit.edu/projects/457406675/
DeleteFromListFailed.js,Sample1.wav.sb3,10,0,0,0,10,https://scratch.mit.edu/projects/456945083/
DeleteFromListFailed.js,Merry Christmas!.sb3,10,0,0,0,10,https://scratch.mit.edu/projects/456624791/
DeleteFromListFailed.js,2.5D Top Down World.sb3,10,0,0,10,0,https://scratch.mit.edu/projects/457300422/
DeleteFromListFailed.js,500 QNEY AWNSERS! ! ! ! !.sb3,10,0,0,0,10,https://scratch.mit.edu/projects/456225893/
DeleteFromListFailed.js,What Not To Do With Glue #animations.sb3,10,0,0,0,10,https://scratch.mit.edu/projects/457520590/
DeleteFromListFailed.js,the trend..sb3,10,0,0,0,10,https://scratch.mit.edu/projects/456834946/
DeleteFromListFailed.js,Intro Template.sb3,10,0,0,10,0,https://scratch.mit.edu/projects/455789762/
DeleteFromListFailed.js,Ebay 20.sb3,10,0,0,0,10,https://scratch.mit.edu/projects/443257715/
DeleteFromListFailed.js,Crawling Collab w_ mimfrank and -Moonlark-.sb3,10,0,0,0,10,https://scratch.mit.edu/projects/456845826/
DeleteFromListFailed.js,PGMA game - (minimap).sb3,10,0,0,3,7,https://scratch.mit.edu/projects/451054749/
DeleteFromListFailed.js,= Thought a parallax =.sb3,10,0,0,0,10,https://scratch.mit.edu/projects/457306614/
DeleteFromListFailed.js,(CLOSED FOR NOW) I'll Draw Your OC (but I'll make it goth 3).sb3,10,0,0,0,10,https://scratch.mit.edu/projects/456354168/
DeleteFromListFailed.js,Elements Personality Quiz (SotC).sb3,10,0,0,0,10,https://scratch.mit.edu/projects/362610933/
DeleteFromListFailed.js,》Team Violet.sb3,10,0,0,0,10,https://scratch.mit.edu/projects/456805148/
DeleteFromListFailed.js,Lenny Spider Hotel (incomplete).sb3,10,0,0,0,10,https://scratch.mit.edu/projects/456554942/
DeleteFromListFailed.js,Crawling [] Collab w_ mimfrank and OmbraTheFurry2.sb3,10,0,0,0,10,https://scratch.mit.edu/projects/456706367/
DeleteFromListFailed.js,Intro entry for Alex_legends.sb3,10,0,0,10,0,https://scratch.mit.edu/projects/448980834/
FullList.js,= Thought a parallax =.sb3,10,0,0,0,10,https://scratch.mit.edu/projects/457306614/
FullList.js,"Dance, Henry, Dance! .sb3",10,0,0,0,10,https://scratch.mit.edu/projects/457450492/
FullList.js,Crawling Collab w_ mimfrank and -Moonlark-.sb3,10,0,0,0,10,https://scratch.mit.edu/projects/456845826/
FullList.js,PGMA game - (minimap).sb3,10,0,0,7,3,https://scratch.mit.edu/projects/451054749/
FullList.js,500 QNEY AWNSERS! ! ! ! !.sb3,10,0,0,0,10,https://scratch.mit.edu/projects/456225893/
FullList.js,Ebay 20.sb3,10,0,0,0,10,https://scratch.mit.edu/projects/443257715/
FullList.js,What Not To Do With Glue #animations.sb3,10,0,0,0,10,https://scratch.mit.edu/projects/457520590/
FullList.js,Intro entry for Alex_legends.sb3,10,0,0,10,0,https://scratch.mit.edu/projects/448980834/
FullList.js,》Team Violet.sb3,10,0,0,0,10,https://scratch.mit.edu/projects/456805148/
FullList.js,Flappy Bird v4.3.sb3,10,0,0,10,0,https://scratch.mit.edu/projects/456777187/
FullList.js,Elements Personality Quiz (SotC).sb3,10,0,0,0,10,https://scratch.mit.edu/projects/362610933/
FullList.js,(CLOSED FOR NOW) I'll Draw Your OC (but I'll make it goth 3).sb3,10,0,0,0,10,https://scratch.mit.edu/projects/456354168/
FullList.js,"Kiki, do you love me ft.@Jumper-.sb3",10,0,0,0,10,https://scratch.mit.edu/projects/457406675/
FullList.js,2.5D Top Down World.sb3,10,0,0,10,0,https://scratch.mit.edu/projects/457300422/
FullList.js,Crawling [] Collab w_ mimfrank and OmbraTheFurry2.sb3,10,0,0,0,10,https://scratch.mit.edu/projects/456706367/
FullList.js,the trend..sb3,10,0,0,0,10,https://scratch.mit.edu/projects/456834946/
FullList.js,Intro Template.sb3,10,0,0,10,0,https://scratch.mit.edu/projects/455789762/
FullList.js,Merry Christmas!.sb3,10,1,0,0,9,https://scratch.mit.edu/projects/456624791/
FullList.js,Lenny Spider Hotel (incomplete).sb3,10,0,0,0,10,https://scratch.mit.edu/projects/456554942/
FullList.js,Sample1.wav.sb3,10,0,0,0,10,https://scratch.mit.edu/projects/456945083/
InvisibleMove.js,"Dance, Henry, Dance! .sb3",10,0,10,0,0,https://scratch.mit.edu/projects/457450492/
InvisibleMove.js,Merry Christmas!.sb3,10,0,0,0,10,https://scratch.mit.edu/projects/456624791/
InvisibleMove.js,Lenny Spider Hotel (incomplete).sb3,10,0,0,0,10,https://scratch.mit.edu/projects/456554942/
InvisibleMove.js,PGMA game - (minimap).sb3,10,0,10,0,0,https://scratch.mit.edu/projects/451054749/
InvisibleMove.js,Crawling Collab w_ mimfrank and -Moonlark-.sb3,10,0,0,0,10,https://scratch.mit.edu/projects/456845826/
InvisibleMove.js,(CLOSED FOR NOW) I'll Draw Your OC (but I'll make it goth 3).sb3,10,0,0,0,10,https://scratch.mit.edu/projects/456354168/
InvisibleMove.js,2.5D Top Down World.sb3,10,0,10,0,0,https://scratch.mit.edu/projects/457300422/
InvisibleMove.js,》Team Violet.sb3,10,0,0,0,10,https://scratch.mit.edu/projects/456805148/
InvisibleMove.js,Flappy Bird v4.3.sb3,10,0,0,10,0,https://scratch.mit.edu/projects/456777187/
InvisibleMove.js,the trend..sb3,10,0,10,0,0,https://scratch.mit.edu/projects/456834946/
InvisibleMove.js,Elements Personality Quiz (SotC).sb3,10,0,0,0,10,https://scratch.mit.edu/projects/362610933/
InvisibleMove.js,Intro entry for Alex_legends.sb3,10,0,10,0,0,https://scratch.mit.edu/projects/448980834/
InvisibleMove.js,Intro Template.sb3,10,0,10,0,0,https://scratch.mit.edu/projects/455789762/
InvisibleMove.js,Crawling [] Collab w_ mimfrank and OmbraTheFurry2.sb3,10,0,0,0,10,https://scratch.mit.edu/projects/456706367/
InvisibleMove.js,Ebay 20.sb3,10,0,0,0,10,https://scratch.mit.edu/projects/443257715/
InvisibleMove.js,500 QNEY AWNSERS! ! ! ! !.sb3,10,0,0,0,10,https://scratch.mit.edu/projects/456225893/
InvisibleMove.js,"Kiki, do you love me ft.@Jumper-.sb3",10,0,10,0,0,https://scratch.mit.edu/projects/457406675/
InvisibleMove.js,Sample1.wav.sb3,10,0,0,0,10,https://scratch.mit.edu/projects/456945083/
InvisibleMove.js,= Thought a parallax =.sb3,10,0,0,0,10,https://scratch.mit.edu/projects/457306614/
InvisibleMove.js,What Not To Do With Glue #animations.sb3,10,0,0,0,10,https://scratch.mit.edu/projects/457520590/
ItemNotInList.js,Intro Template.sb3,10,0,0,10,0,https://scratch.mit.edu/projects/455789762/
ItemNotInList.js,Ebay 20.sb3,10,0,0,0,10,https://scratch.mit.edu/projects/443257715/
ItemNotInList.js,"Dance, Henry, Dance! .sb3",10,0,0,0,10,https://scratch.mit.edu/projects/457450492/
ItemNotInList.js,Crawling [] Collab w_ mimfrank and OmbraTheFurry2.sb3,10,0,0,0,10,https://scratch.mit.edu/projects/456706367/
ItemNotInList.js,"Kiki, do you love me ft.@Jumper-.sb3",10,0,0,0,10,https://scratch.mit.edu/projects/457406675/
ItemNotInList.js,》Team Violet.sb3,10,0,0,0,10,https://scratch.mit.edu/projects/456805148/
ItemNotInList.js,Elements Personality Quiz (SotC).sb3,10,0,0,0,10,https://scratch.mit.edu/projects/362610933/
ItemNotInList.js,Intro entry for Alex_legends.sb3,10,0,0,10,0,https://scratch.mit.edu/projects/448980834/
ItemNotInList.js,Crawling Collab w_ mimfrank and -Moonlark-.sb3,10,0,0,0,10,https://scratch.mit.edu/projects/456845826/
ItemNotInList.js,Flappy Bird v4.3.sb3,10,0,0,10,0,https://scratch.mit.edu/projects/456777187/
ItemNotInList.js,Sample1.wav.sb3,10,0,0,0,10,https://scratch.mit.edu/projects/456945083/
ItemNotInList.js,500 QNEY AWNSERS! ! ! ! !.sb3,10,0,0,0,10,https://scratch.mit.edu/projects/456225893/
ItemNotInList.js,2.5D Top Down World.sb3,10,0,0,10,0,https://scratch.mit.edu/projects/457300422/
ItemNotInList.js,the trend..sb3,10,0,0,0,10,https://scratch.mit.edu/projects/456834946/
ItemNotInList.js,= Thought a parallax =.sb3,10,0,0,0,10,https://scratch.mit.edu/projects/457306614/
ItemNotInList.js,What Not To Do With Glue #animations.sb3,10,0,0,0,10,https://scratch.mit.edu/projects/457520590/
ItemNotInList.js,PGMA game - (minimap).sb3,10,0,0,4,6,https://scratch.mit.edu/projects/451054749/
ItemNotInList.js,(CLOSED FOR NOW) I'll Draw Your OC (but I'll make it goth 3).sb3,10,0,0,0,10,https://scratch.mit.edu/projects/456354168/
ItemNotInList.js,Merry Christmas!.sb3,10,1,0,0,9,https://scratch.mit.edu/projects/456624791/
ItemNotInList.js,Lenny Spider Hotel (incomplete).sb3,10,0,0,0,10,https://scratch.mit.edu/projects/456554942/
MaxSprite.js,the trend..sb3,10,0,0,0,10,https://scratch.mit.edu/projects/456834946/
MaxSprite.js,(CLOSED FOR NOW) I'll Draw Your OC (but I'll make it goth 3).sb3,10,0,0,0,10,https://scratch.mit.edu/projects/456354168/
MaxSprite.js,Flappy Bird v4.3.sb3,10,0,0,10,0,https://scratch.mit.edu/projects/456777187/
MaxSprite.js,What Not To Do With Glue #animations.sb3,10,0,0,0,10,https://scratch.mit.edu/projects/457520590/
MaxSprite.js,2.5D Top Down World.sb3,10,0,0,10,0,https://scratch.mit.edu/projects/457300422/
MaxSprite.js,》Team Violet.sb3,10,0,0,0,10,https://scratch.mit.edu/projects/456805148/
MaxSprite.js,Intro Template.sb3,10,0,0,10,0,https://scratch.mit.edu/projects/455789762/
MaxSprite.js,Elements Personality Quiz (SotC).sb3,10,0,0,0,10,https://scratch.mit.edu/projects/362610933/
MaxSprite.js,Sample1.wav.sb3,10,0,0,0,10,https://scratch.mit.edu/projects/456945083/
MaxSprite.js,500 QNEY AWNSERS! ! ! ! !.sb3,10,0,0,0,10,https://scratch.mit.edu/projects/456225893/
MaxSprite.js,Intro entry for Alex_legends.sb3,10,0,0,10,0,https://scratch.mit.edu/projects/448980834/
MaxSprite.js,Crawling Collab w_ mimfrank and -Moonlark-.sb3,10,0,0,0,10,https://scratch.mit.edu/projects/456845826/
MaxSprite.js,Merry Christmas!.sb3,10,0,0,0,10,https://scratch.mit.edu/projects/456624791/
MaxSprite.js,"Kiki, do you love me ft.@Jumper-.sb3",10,0,0,0,10,https://scratch.mit.edu/projects/457406675/
MaxSprite.js,Crawling [] Collab w_ mimfrank and OmbraTheFurry2.sb3,10,0,0,0,10,https://scratch.mit.edu/projects/456706367/
MaxSprite.js,"Dance, Henry, Dance! .sb3",10,0,0,0,10,https://scratch.mit.edu/projects/457450492/
MaxSprite.js,PGMA game - (minimap).sb3,10,0,0,1,9,https://scratch.mit.edu/projects/451054749/
MaxSprite.js,Ebay 20.sb3,10,0,0,0,10,https://scratch.mit.edu/projects/443257715/
MaxSprite.js,= Thought a parallax =.sb3,10,0,0,0,10,https://scratch.mit.edu/projects/457306614/
MaxSprite.js,Lenny Spider Hotel (incomplete).sb3,10,0,0,0,10,https://scratch.mit.edu/projects/456554942/
NextBackdrop.js,What Not To Do With Glue #animations.sb3,10,0,0,0,10,https://scratch.mit.edu/projects/457520590/
NextBackdrop.js,Intro Template.sb3,10,0,0,10,0,https://scratch.mit.edu/projects/455789762/
NextBackdrop.js,PGMA game - (minimap).sb3,10,0,0,4,6,https://scratch.mit.edu/projects/451054749/
NextBackdrop.js,Intro entry for Alex_legends.sb3,10,0,0,10,0,https://scratch.mit.edu/projects/448980834/
NextBackdrop.js,Sample1.wav.sb3,10,0,0,0,10,https://scratch.mit.edu/projects/456945083/
NextBackdrop.js,the trend..sb3,10,0,0,0,10,https://scratch.mit.edu/projects/456834946/
NextBackdrop.js,Flappy Bird v4.3.sb3,10,0,0,10,0,https://scratch.mit.edu/projects/456777187/
NextBackdrop.js,Merry Christmas!.sb3,10,0,0,0,10,https://scratch.mit.edu/projects/456624791/
NextBackdrop.js,"Kiki, do you love me ft.@Jumper-.sb3",10,0,0,0,10,https://scratch.mit.edu/projects/457406675/
NextBackdrop.js,Lenny Spider Hotel (incomplete).sb3,10,0,0,0,10,https://scratch.mit.edu/projects/456554942/
NextBackdrop.js,》Team Violet.sb3,10,0,0,0,10,https://scratch.mit.edu/projects/456805148/
NextBackdrop.js,Ebay 20.sb3,10,0,0,0,10,https://scratch.mit.edu/projects/443257715/
NextBackdrop.js,"Dance, Henry, Dance! .sb3",10,1,0,0,9,https://scratch.mit.edu/projects/457450492/
NextBackdrop.js,500 QNEY AWNSERS! ! ! ! !.sb3,10,0,0,0,10,https://scratch.mit.edu/projects/456225893/
NextBackdrop.js,Elements Personality Quiz (SotC).sb3,10,0,0,0,10,https://scratch.mit.edu/projects/362610933/
NextBackdrop.js,Crawling [] Collab w_ mimfrank and OmbraTheFurry2.sb3,10,0,0,0,10,https://scratch.mit.edu/projects/456706367/
NextBackdrop.js,(CLOSED FOR NOW) I'll Draw Your OC (but I'll make it goth 3).sb3,10,0,0,0,10,https://scratch.mit.edu/projects/456354168/
NextBackdrop.js,Crawling Collab w_ mimfrank and -Moonlark-.sb3,10,0,0,0,10,https://scratch.mit.edu/projects/456845826/
NextBackdrop.js,2.5D Top Down World.sb3,10,0,0,10,0,https://scratch.mit.edu/projects/457300422/
NextBackdrop.js,= Thought a parallax =.sb3,10,0,0,0,10,https://scratch.mit.edu/projects/457306614/
NextCostume.js,the trend..sb3,10,0,0,0,10,https://scratch.mit.edu/projects/456834946/
NextCostume.js,2.5D Top Down World.sb3,10,0,0,10,0,https://scratch.mit.edu/projects/457300422/
NextCostume.js,Intro entry for Alex_legends.sb3,10,0,0,10,0,https://scratch.mit.edu/projects/448980834/
NextCostume.js,Crawling Collab w_ mimfrank and -Moonlark-.sb3,10,0,0,0,10,https://scratch.mit.edu/projects/456845826/
NextCostume.js,Ebay 20.sb3,10,0,0,0,10,https://scratch.mit.edu/projects/443257715/
NextCostume.js,"Dance, Henry, Dance! .sb3",10,0,0,0,10,https://scratch.mit.edu/projects/457450492/
NextCostume.js,Crawling [] Collab w_ mimfrank and OmbraTheFurry2.sb3,10,0,0,0,10,https://scratch.mit.edu/projects/456706367/
NextCostume.js,(CLOSED FOR NOW) I'll Draw Your OC (but I'll make it goth 3).sb3,10,0,0,0,10,https://scratch.mit.edu/projects/456354168/
NextCostume.js,Merry Christmas!.sb3,10,0,0,0,10,https://scratch.mit.edu/projects/456624791/
NextCostume.js,Lenny Spider Hotel (incomplete).sb3,10,0,0,0,10,https://scratch.mit.edu/projects/456554942/
NextCostume.js,= Thought a parallax =.sb3,10,0,0,0,10,https://scratch.mit.edu/projects/457306614/
NextCostume.js,Sample1.wav.sb3,10,0,0,0,10,https://scratch.mit.edu/projects/456945083/
NextCostume.js,What Not To Do With Glue #animations.sb3,10,0,0,0,10,https://scratch.mit.edu/projects/457520590/
NextCostume.js,500 QNEY AWNSERS! ! ! ! !.sb3,10,0,0,0,10,https://scratch.mit.edu/projects/456225893/
NextCostume.js,Elements Personality Quiz (SotC).sb3,10,0,0,0,10,https://scratch.mit.edu/projects/362610933/
NextCostume.js,Flappy Bird v4.3.sb3,10,0,0,10,0,https://scratch.mit.edu/projects/456777187/
NextCostume.js,PGMA game - (minimap).sb3,10,0,0,2,8,https://scratch.mit.edu/projects/451054749/
NextCostume.js,》Team Violet.sb3,10,0,0,0,10,https://scratch.mit.edu/projects/456805148/
NextCostume.js,Intro Template.sb3,10,0,0,10,0,https://scratch.mit.edu/projects/455789762/
NextCostume.js,"Kiki, do you love me ft.@Jumper-.sb3",10,0,0,0,10,https://scratch.mit.edu/projects/457406675/
SayThinkDelayTest.js,What Not To Do With Glue #animations.sb3,10,0,0,0,10,https://scratch.mit.edu/projects/457520590/
SayThinkDelayTest.js,2.5D Top Down World.sb3,10,0,0,10,0,https://scratch.mit.edu/projects/457300422/
SayThinkDelayTest.js,PGMA game - (minimap).sb3,10,0,0,4,6,https://scratch.mit.edu/projects/451054749/
SayThinkDelayTest.js,Crawling Collab w_ mimfrank and -Moonlark-.sb3,10,0,0,0,10,https://scratch.mit.edu/projects/456845826/
SayThinkDelayTest.js,= Thought a parallax =.sb3,10,0,0,0,10,https://scratch.mit.edu/projects/457306614/
SayThinkDelayTest.js,Lenny Spider Hotel (incomplete).sb3,10,0,0,0,10,https://scratch.mit.edu/projects/456554942/
SayThinkDelayTest.js,Crawling [] Collab w_ mimfrank and OmbraTheFurry2.sb3,10,0,0,0,10,https://scratch.mit.edu/projects/456706367/
SayThinkDelayTest.js,Sample1.wav.sb3,10,0,0,0,10,https://scratch.mit.edu/projects/456945083/
SayThinkDelayTest.js,the trend..sb3,10,0,0,0,10,https://scratch.mit.edu/projects/456834946/
SayThinkDelayTest.js,Merry Christmas!.sb3,10,1,0,0,9,https://scratch.mit.edu/projects/456624791/
SayThinkDelayTest.js,500 QNEY AWNSERS! ! ! ! !.sb3,10,0,0,0,10,https://scratch.mit.edu/projects/456225893/
SayThinkDelayTest.js,"Kiki, do you love me ft.@Jumper-.sb3",10,0,0,0,10,https://scratch.mit.edu/projects/457406675/
SayThinkDelayTest.js,(CLOSED FOR NOW) I'll Draw Your OC (but I'll make it goth 3).sb3,10,0,0,0,10,https://scratch.mit.edu/projects/456354168/
SayThinkDelayTest.js,Intro entry for Alex_legends.sb3,10,0,0,10,0,https://scratch.mit.edu/projects/448980834/
SayThinkDelayTest.js,Elements Personality Quiz (SotC).sb3,10,0,0,0,10,https://scratch.mit.edu/projects/362610933/
SayThinkDelayTest.js,》Team Violet.sb3,10,0,0,0,10,https://scratch.mit.edu/projects/456805148/
SayThinkDelayTest.js,"Dance, Henry, Dance! .sb3",10,0,0,0,10,https://scratch.mit.edu/projects/457450492/
SayThinkDelayTest.js,Intro Template.sb3,10,0,0,10,0,https://scratch.mit.edu/projects/455789762/
SayThinkDelayTest.js,Flappy Bird v4.3.sb3,10,0,0,10,0,https://scratch.mit.edu/projects/456777187/
SayThinkDelayTest.js,Ebay 20.sb3,10,0,0,0,10,https://scratch.mit.edu/projects/443257715/
ScreenEdgeMove.js,2.5D Top Down World.sb3,10,0,0,10,0,https://scratch.mit.edu/projects/457300422/
ScreenEdgeMove.js,》Team Violet.sb3,10,0,0,0,10,https://scratch.mit.edu/projects/456805148/
ScreenEdgeMove.js,Ebay 20.sb3,10,0,0,0,10,https://scratch.mit.edu/projects/443257715/
ScreenEdgeMove.js,Elements Personality Quiz (SotC).sb3,10,0,0,0,10,https://scratch.mit.edu/projects/362610933/
ScreenEdgeMove.js,PGMA game - (minimap).sb3,10,0,3,0,7,https://scratch.mit.edu/projects/451054749/
ScreenEdgeMove.js,Sample1.wav.sb3,10,0,0,0,10,https://scratch.mit.edu/projects/456945083/
ScreenEdgeMove.js,500 QNEY AWNSERS! ! ! ! !.sb3,10,0,0,0,10,https://scratch.mit.edu/projects/456225893/
ScreenEdgeMove.js,(CLOSED FOR NOW) I'll Draw Your OC (but I'll make it goth 3).sb3,10,0,0,0,10,https://scratch.mit.edu/projects/456354168/
ScreenEdgeMove.js,= Thought a parallax =.sb3,10,0,0,0,10,https://scratch.mit.edu/projects/457306614/
ScreenEdgeMove.js,What Not To Do With Glue #animations.sb3,10,0,0,0,10,https://scratch.mit.edu/projects/457520590/
ScreenEdgeMove.js,Intro Template.sb3,10,0,0,10,0,https://scratch.mit.edu/projects/455789762/
ScreenEdgeMove.js,Flappy Bird v4.3.sb3,10,0,1,9,0,https://scratch.mit.edu/projects/456777187/
ScreenEdgeMove.js,the trend..sb3,10,0,0,0,10,https://scratch.mit.edu/projects/456834946/
ScreenEdgeMove.js,Crawling Collab w_ mimfrank and -Moonlark-.sb3,10,0,0,0,10,https://scratch.mit.edu/projects/456845826/
ScreenEdgeMove.js,"Kiki, do you love me ft.@Jumper-.sb3",10,0,6,0,4,https://scratch.mit.edu/projects/457406675/
ScreenEdgeMove.js,Lenny Spider Hotel (incomplete).sb3,10,0,10,0,0,https://scratch.mit.edu/projects/456554942/
ScreenEdgeMove.js,"Dance, Henry, Dance! .sb3",10,0,0,0,10,https://scratch.mit.edu/projects/457450492/
ScreenEdgeMove.js,Intro entry for Alex_legends.sb3,10,0,0,10,0,https://scratch.mit.edu/projects/448980834/
ScreenEdgeMove.js,Crawling [] Collab w_ mimfrank and OmbraTheFurry2.sb3,10,0,0,0,10,https://scratch.mit.edu/projects/456706367/
ScreenEdgeMove.js,Merry Christmas!.sb3,10,0,0,0,10,https://scratch.mit.edu/projects/456624791/
StringInMathOperation.js,What Not To Do With Glue #animations.sb3,10,1,0,0,9,https://scratch.mit.edu/projects/457520590/
StringInMathOperation.js,"Kiki, do you love me ft.@Jumper-.sb3",10,0,0,0,10,https://scratch.mit.edu/projects/457406675/
StringInMathOperation.js,Elements Personality Quiz (SotC).sb3,10,0,0,0,10,https://scratch.mit.edu/projects/362610933/
StringInMathOperation.js,Sample1.wav.sb3,10,0,0,0,10,https://scratch.mit.edu/projects/456945083/
StringInMathOperation.js,the trend..sb3,10,0,10,0,0,https://scratch.mit.edu/projects/456834946/
StringInMathOperation.js,(CLOSED FOR NOW) I'll Draw Your OC (but I'll make it goth 3).sb3,10,0,0,0,10,https://scratch.mit.edu/projects/456354168/
StringInMathOperation.js,Intro entry for Alex_legends.sb3,10,0,0,10,0,https://scratch.mit.edu/projects/448980834/
StringInMathOperation.js,PGMA game - (minimap).sb3,10,1,0,3,6,https://scratch.mit.edu/projects/451054749/
StringInMathOperation.js,500 QNEY AWNSERS! ! ! ! !.sb3,10,0,0,0,10,https://scratch.mit.edu/projects/456225893/
StringInMathOperation.js,Intro Template.sb3,10,0,10,0,0,https://scratch.mit.edu/projects/455789762/
StringInMathOperation.js,Crawling [] Collab w_ mimfrank and OmbraTheFurry2.sb3,10,0,0,0,10,https://scratch.mit.edu/projects/456706367/
StringInMathOperation.js,Lenny Spider Hotel (incomplete).sb3,10,0,0,0,10,https://scratch.mit.edu/projects/456554942/
StringInMathOperation.js,Merry Christmas!.sb3,10,2,0,0,8,https://scratch.mit.edu/projects/456624791/
StringInMathOperation.js,Crawling Collab w_ mimfrank and -Moonlark-.sb3,10,0,0,0,10,https://scratch.mit.edu/projects/456845826/
StringInMathOperation.js,"Dance, Henry, Dance! .sb3",10,0,10,0,0,https://scratch.mit.edu/projects/457450492/
StringInMathOperation.js,Ebay 20.sb3,10,0,10,0,0,https://scratch.mit.edu/projects/443257715/
StringInMathOperation.js,Flappy Bird v4.3.sb3,10,0,0,10,0,https://scratch.mit.edu/projects/456777187/
StringInMathOperation.js,》Team Violet.sb3,10,0,0,0,10,https://scratch.mit.edu/projects/456805148/
StringInMathOperation.js,= Thought a parallax =.sb3,10,0,0,0,10,https://scratch.mit.edu/projects/457306614/
StringInMathOperation.js,2.5D Top Down World.sb3,10,0,0,10,0,https://scratch.mit.edu/projects/457300422/
StringInNumericField.js,(CLOSED FOR NOW) I'll Draw Your OC (but I'll make it goth 3).sb3,10,0,0,0,10,https://scratch.mit.edu/projects/456354168/
StringInNumericField.js,2.5D Top Down World.sb3,10,0,0,10,0,https://scratch.mit.edu/projects/457300422/
StringInNumericField.js,the trend..sb3,10,0,0,0,10,https://scratch.mit.edu/projects/456834946/
StringInNumericField.js,What Not To Do With Glue #animations.sb3,10,0,0,0,10,https://scratch.mit.edu/projects/457520590/
StringInNumericField.js,》Team Violet.sb3,10,0,0,0,10,https://scratch.mit.edu/projects/456805148/
StringInNumericField.js,Flappy Bird v4.3.sb3,10,0,0,10,0,https://scratch.mit.edu/projects/456777187/
StringInNumericField.js,Crawling [] Collab w_ mimfrank and OmbraTheFurry2.sb3,10,0,0,0,10,https://scratch.mit.edu/projects/456706367/
StringInNumericField.js,Intro entry for Alex_legends.sb3,10,0,0,10,0,https://scratch.mit.edu/projects/448980834/
StringInNumericField.js,Ebay 20.sb3,10,0,0,0,10,https://scratch.mit.edu/projects/443257715/
StringInNumericField.js,Lenny Spider Hotel (incomplete).sb3,10,0,0,0,10,https://scratch.mit.edu/projects/456554942/
StringInNumericField.js,Merry Christmas!.sb3,10,0,0,0,10,https://scratch.mit.edu/projects/456624791/
StringInNumericField.js,"Dance, Henry, Dance! .sb3",10,0,0,0,10,https://scratch.mit.edu/projects/457450492/
StringInNumericField.js,Crawling Collab w_ mimfrank and -Moonlark-.sb3,10,0,0,0,10,https://scratch.mit.edu/projects/456845826/
StringInNumericField.js,"Kiki, do you love me ft.@Jumper-.sb3",10,0,0,0,10,https://scratch.mit.edu/projects/457406675/
StringInNumericField.js,Intro Template.sb3,10,0,10,0,0,https://scratch.mit.edu/projects/455789762/
StringInNumericField.js,PGMA game - (minimap).sb3,10,0,0,1,9,https://scratch.mit.edu/projects/451054749/
StringInNumericField.js,Elements Personality Quiz (SotC).sb3,10,0,0,0,10,https://scratch.mit.edu/projects/362610933/
StringInNumericField.js,Sample1.wav.sb3,10,0,0,0,10,https://scratch.mit.edu/projects/456945083/
StringInNumericField.js,500 QNEY AWNSERS! ! ! ! !.sb3,10,0,0,0,10,https://scratch.mit.edu/projects/456225893/
StringInNumericField.js,= Thought a parallax =.sb3,10,0,0,0,10,https://scratch.mit.edu/projects/457306614/
VariableBeforeInit.js,Flappy Bird v4.3.sb3,10,0,0,10,0,https://scratch.mit.edu/projects/456777187/
VariableBeforeInit.js,Elements Personality Quiz (SotC).sb3,10,0,0,0,10,https://scratch.mit.edu/projects/362610933/
VariableBeforeInit.js,Ebay 20.sb3,10,0,10,0,0,https://scratch.mit.edu/projects/443257715/
VariableBeforeInit.js,》Team Violet.sb3,10,0,10,0,0,https://scratch.mit.edu/projects/456805148/
VariableBeforeInit.js,Intro entry for Alex_legends.sb3,10,0,0,10,0,https://scratch.mit.edu/projects/448980834/
VariableBeforeInit.js,Intro Template.sb3,10,0,9,0,1,https://scratch.mit.edu/projects/455789762/
VariableBeforeInit.js,500 QNEY AWNSERS! ! ! ! !.sb3,10,0,0,0,10,https://scratch.mit.edu/projects/456225893/
VariableBeforeInit.js,(CLOSED FOR NOW) I'll Draw Your OC (but I'll make it goth 3).sb3,10,0,0,0,10,https://scratch.mit.edu/projects/456354168/
VariableBeforeInit.js,"Kiki, do you love me ft.@Jumper-.sb3",10,0,10,0,0,https://scratch.mit.edu/projects/457406675/
VariableBeforeInit.js,What Not To Do With Glue #animations.sb3,10,0,0,0,10,https://scratch.mit.edu/projects/457520590/
VariableBeforeInit.js,Crawling [] Collab w_ mimfrank and OmbraTheFurry2.sb3,10,0,0,0,10,https://scratch.mit.edu/projects/456706367/
VariableBeforeInit.js,Lenny Spider Hotel (incomplete).sb3,10,0,0,0,10,https://scratch.mit.edu/projects/456554942/
VariableBeforeInit.js,the trend..sb3,10,1,0,0,9,https://scratch.mit.edu/projects/456834946/
VariableBeforeInit.js,Merry Christmas!.sb3,10,0,0,0,10,https://scratch.mit.edu/projects/456624791/
VariableBeforeInit.js,2.5D Top Down World.sb3,10,0,10,0,0,https://scratch.mit.edu/projects/457300422/
VariableBeforeInit.js,= Thought a parallax =.sb3,10,0,0,0,10,https://scratch.mit.edu/projects/457306614/
VariableBeforeInit.js,PGMA game - (minimap).sb3,10,0,10,0,0,https://scratch.mit.edu/projects/451054749/
VariableBeforeInit.js,Sample1.wav.sb3,10,0,0,0,10,https://scratch.mit.edu/projects/456945083/
VariableBeforeInit.js,"Dance, Henry, Dance! .sb3",10,0,10,0,0,https://scratch.mit.edu/projects/457450492/
VariableBeforeInit.js,Crawling Collab w_ mimfrank and -Moonlark-.sb3,10,0,0,0,10,https://scratch.mit.edu/projects/456845826/
